"","id","t0","Y","A","R"
"1",1,0,NA,0,0
"2",1,1,NA,1,0
"3",1,2,NA,0,1
"4",1,3,NA,0,1
"5",1,4,94.68157474,0,1
"6",2,0,NA,0,0
"7",2,1,NA,1,0
"8",2,2,NA,1,0
"9",2,3,NA,0,0
"10",2,4,644.966925,0,0
"11",3,0,NA,0,0
"12",3,1,NA,0,0
"13",3,2,NA,0,0
"14",3,3,NA,0,0
"15",3,4,605.0591026,0,0
